Item ID;Review ID;Date;Author;Score;Comment;Positive;Negative;Img
249711848;54408730;2021-06-20 15:29:50;Александр Н.;5;отличный кулон-подвеска, неплохое решение для мини подарка );хороший кулон, качество на высоте;их нет;
249711848;66700540;2021-08-13 16:55:05;Елена Н.;5;;Отличная подвеска;Их нет;
249711848;74050843;2021-09-10 19:39:52;Александра П.;4;;Классный кулон;Пришёл не тот цвет и цепочка железная а не черная,и серединка не крутится ;images/249711848/74050843/0.png
249711848;78397183;2021-09-24 17:22:45;Максим Б.;1;;;Не тот цвет, цепочка металическая.;images/249711848/78397183/0.png
249711848;83294526;2021-10-08 19:48:39;Алика С.;5;;"Прекрасный кулон!
Ребенок безумно рад и счастлив такой покупке
Закажу еще потом племяшке! ";Нет;
249711848;88897105;2021-10-24 20:33:23;Таисия Ч.;5;;;;
249711848;89278945;2021-10-25 18:44:59;Виктория П.;5;;;;
249711848;89748656;2021-10-27 04:29:47;Екатерина О.;5;Красивый кулон, соответствует описанию, дочь в восторге;Красивый кулон;нет;
249711848;90871137;2021-10-30 01:15:43;Ксения С.;1;;;Приехал не тот цвет 👍🏻;
249711848;92755705;2021-11-03 08:56:30;Диляра Г.;5;Ребёнок в восторге, это главное! ;;;
249711848;95451511;2021-11-08 11:59:20;Надежда В.;5;;;;
249711848;95474181;2021-11-08 12:34:04;Анастасия Х.;5;;;;
249711848;99270880;2021-11-15 08:46:12;Наталья Х.;5;;;;
249711848;101925060;2021-11-20 07:37:21;Samira G.;5;;;;
249711848;103427570;2021-11-22 17:04:58;Ольга К.;5;;;;
249711848;104096984;2021-11-23 18:34:14;Наталия Г.;4;;Цепочка удобная, не где не заципляеться ;Плохо обработаны края у кулона ;
249711848;106714824;2022-01-19 18:20:40;Рената;4;В целом, не плохая вещь за такую цену, но радость покупки была подпорчена размером. Возврат оформлять не буду (вещь все-таки хорошая для такой низкой цены), но впечатление было несколько хуже. Рекомендую, если вам не принципиален размер. Перед покупкой обязательно смотрите, какой цвет указан. ;Хорошая штучка, очень понравилась, у цепочки большой замок и длина соответствует указанной (50 см) ;"1) размер кулона не соответствует указанному в описании (4-х см там и в помине нет)
2) не увидела надпись о цвете, думала, что придёт золотой. Но канон священен, так что ничего страшного (по крайней мере для меня) нет. ";"images/249711848/106714824/0.png;images/249711848/106714824/1.png"
249711848;106853134;2021-11-28 09:30:01;Ольга Ш.;5;;;;
249711848;106888828;2021-12-01 08:36:16;Кайрат Б.;3;Не пойму по какому принципу отправляют- кому то желтого цвета, а кому то как мне серого. Хотя на фото цепочка и кулон жёлтые...;;Очень сильно линяет и окрашивает шею в серый цвет!;
249711848;107158370;2021-11-28 18:35:12;Юлия О.;5;;красивая подвеска;;
249711848;107341966;2021-11-29 06:35:04;Владислав К.;5;;;;
249711848;107585670;2021-11-29 12:39:55;алексей ш.;5;Дочь довольна ;;;
249711848;108819681;2021-12-01 16:52:46;Алика Я.;5;;;;
249711848;108847970;2021-12-01 17:45:38;Екатерина Д.;4;пришла серебряная;;;
249711848;112216619;2021-12-07 17:16:00;Софья Д.;5;;;;
249711848;118926882;2022-01-31 02:51:14;Анастасия К.;5;брала за 140 рублей, цепочка пришла через 3 дня;лёгкое, красивое, принесло радость и счастье♡;нет;
249711848;119084741;2021-12-18 22:42:55;Арина В.;4;;;;
249711848;119490909;2022-01-03 00:59:01;Алексей В.;3;;;хрупкий;
249711848;119698827;2021-12-20 05:13:55;Юрий К.;5;дочь в восторге;красивая подвеска ;нет;
249711848;120088050;2021-12-20 15:55:45;Пользователь предпочёл скрыть свои данные;5;;;;
249711848;120766069;2022-02-01 08:01:02;Ирина П.;5;пришел серого цвета, как на фото. всё хорошо;симпатично, всё как на фото;;
249711848;120905827;2022-02-01 10:27:28;Пользователь предпочёл скрыть свои данные;5;Дочки понравилось;;;images/249711848/120905827/0.png
249711848;121299888;2021-12-22 13:06:18;Мария Л.;5;качество соответствует стоимости ,хорошая детская подвеска.не жадко если потеряет.;;;
249711848;121359627;2021-12-22 14:38:09;Глеб М.;5;;;;
249711848;121660798;2021-12-23 05:53:20;Елена П.;5;;;;
249711848;122524969;2021-12-24 11:34:32;Юлия З.;5;;;;
249711848;122622271;2021-12-24 14:09:08;Дарья Ш.;5;;;;
249711848;122754984;2021-12-24 18:15:21;Пользователь предпочёл скрыть свои данные;5;;;;
249711848;122767281;2021-12-28 20:43:49;Людмила О.;3;углы подвески немного поцарапаны. На картинке смотрелось лучше. дочь- поклонница Гарри Поттера, пожтому и купила для коллекции. ;прикольная вещица;не очень качествееный металл, цвет;
249711848;122945751;2021-12-25 07:39:45;Александр Р.;5;;;;
249711848;122949237;2021-12-25 07:46:34;Ирина Л.;5;;;;
249711848;123420154;2021-12-26 03:45:20;Екатерина А.;5;;;;
249711848;123654975;2021-12-26 12:01:26;Маргарита С.;5;;;;
249711848;124106733;2021-12-27 06:11:40;Мария Г.;5;;;;
249711848;124329020;2022-02-02 17:51:28;Надежда У.;5;;все хорошо;нет;
249711848;124694094;2022-02-02 19:35:11;Наталья;1;;ребенку понравилась.;пока не знаем. боюсь порвет.;
249711848;125085297;2021-12-28 12:51:10;Ангелина К.;5;;;;
249711848;125437726;2021-12-29 05:33:43;Дарья К.;5;;;;
249711848;125770509;2021-12-29 14:53:16;Азат М.;5;;;;
249711848;127536481;2022-01-02 16:39:54;Наталья С.;5;Соответствует описанию.Ребенку понравилось;;;
249711848;127720953;2022-01-03 06:00:43;Екатерина А.;5;;;;
249711848;128232539;2022-01-03 23:10:17;Марк П.;5;;;;
249711848;128795477;2022-01-04 22:50:54;Альбина Ф.;5;;;;
249711848;128863181;2022-01-05 06:58:29;Пользователь предпочёл скрыть свои данные;5;ребенку понравилась;качественная красивая;;
249711848;129181631;2022-01-05 16:10:32;Пользователь предпочёл скрыть свои данные;5;;;;
249711848;129232712;2022-01-05 17:49:20;Максим З.;5;;;;
249711848;129521484;2022-01-06 10:23:18;Маргарита С.;5;;;;
249711848;129618972;2022-01-06 13:24:03;Аня П.;5;;;;
249711848;129816292;2022-01-06 20:18:19;Ольга Б.;5;;;;
249711848;129986886;2022-01-07 09:18:29;Камилла Ш.;5;;;;
249711848;130306690;2022-01-07 19:14:02;Игорь Л.;4;;;;
249711848;130593501;2022-01-08 11:46:52;Арина М.;5;;;;
249711848;130672951;2022-01-08 14:10:05;Роуз М.;5;;супер! дети довольны!;;
249711848;132181733;2022-01-10 21:18:02;Ксения П.;5;;;;
249711848;132863283;2022-01-12 05:34:37;Пользователь предпочёл скрыть свои данные;5;Ребёнок доволен;👍;Сломался замок почти сразу;
249711848;133230048;2022-01-12 16:52:13;Пользователь предпочёл скрыть свои данные;5;Пришла быстро, смотрится симпатично;;;
249711848;133771678;2022-01-13 18:06:50;Наталия Г.;5;;;;
249711848;134969421;2022-01-16 18:12:18;Дарья М.;5;;;;
249711848;135124988;2022-02-07 18:13:16;Ульяна К.;2;очьеь обидно, покупала в подарок, товар оказался некачественным.;выглядит, как на фото, симпатичный;спустя 2 недели сломался, хоть и носился аккуратно;
249711848;135332001;2022-01-17 13:38:29;Ирина К.;5;;;;
249711848;135862073;2022-01-18 12:53:13;Пользователь предпочёл скрыть свои данные;5;;;;
249711848;136820383;2022-02-07 09:56:33;Дима С.;5;;;Нет;
249711848;137698474;2022-01-21 16:10:28;Ирина К.;5;;;;
249711848;138428390;2022-01-23 08:30:59;Елена Ш.;5;;;;
249711848;139689036;2022-01-25 11:18:38;Олеся Л.;4;;;Облезла краска;
249711848;140202066;2022-01-26 09:15:57;Сергей Г.;5;;;;
249711848;142115630;2022-01-29 16:36:30;Дарья Н.;5;;;;
249711848;142524157;2022-01-30 13:31:39;Ольга Р.;5;;;;
249711848;146499314;2022-02-06 17:33:48;Роман К.;5;;;;
249711848;147691700;2022-02-08 16:43:24;Константин Ш.;5;;;;
249711848;149586777;2022-02-11 17:59:13;Альбина М.;5;;;;
249711848;149856383;2022-02-12 09:53:46;Анастасия К.;5;;;;
249711848;150512904;2022-02-13 12:52:31;Мария К.;5;;;;
249711848;150772051;2022-02-13 20:13:44;Ангелина Ч.;5;;;;
249711848;151885972;2022-02-15 13:26:15;ПД УДАЛЕНЫ;5;;;;
249711848;152086744;2022-02-15 18:47:27;Анастасия Ш.;5;;;;
249711848;152734388;2022-02-16 16:13:58; Виктория ;5;;;;
249711848;152757349;2022-02-16 16:47:11;idxpert;5;;Дары смерти ;Магией нельзя пользоваться вне Хогвартса ;
249711848;155799956;2022-02-21 12:48:30;Севилья Ш.;5;;;;
249711848;155865809;2022-02-21 14:24:13;Пользователь предпочёл скрыть свои данные;5;;;;
249711848;157883716;2022-02-24 20:54:44;Сергей П.;5;;;;
249711848;160400467;2022-03-01 10:25:10;Кристина П.;5;Дочке понравилась ;Большой ;Нет;
249711848;160546840;2022-03-01 14:10:28;Пользователь предпочёл скрыть свои данные;5;;;;
249711848;163189412;2022-03-06 09:30:18;Алия Б.;5;;;;
249711848;165126061;2022-03-09 15:16:05;Пользователь предпочёл скрыть свои данные;5;;;;
249711848;180690430;2022-04-01 07:58:54;Камалия Б.;5;;;;
249711848;183783911;2022-04-07 15:04:21;Роман Г.;3;;;качество не очень, но за свои деньги где то на 3.5 из 5;
249711848;191001913;2022-04-23 11:01:31;Тимофей М.;5;;;;
249711848;191162898;2022-04-23 19:47:45;Анна К.;5;;;;
249711848;191907986;2022-04-25 14:20:57;Андрей К.;4;;;;
271845594;39910913;2021-04-01 07:09:07;ксения ю.;5;;Это самый вкусный изюм, что я пробовала в жизни. Особенно, если его замочить в кипятке на чуть-чуть перед тем, как есть. С утра с овсянкой просто идеально;;
271845594;41838011;2021-04-13 17:03:14;Сашок;5;Изюм достаточно свежий: дата изготовления и дата использования указаны на втором фото.;Беру этот изюм не в первый раз! Брал на разных сайтах, здесь впервые. Народ, учитывайте, что платите в каждой единице товара за 2 пакета изюма, так что не так дорого получается. Вкус превосходный, советую. Изюм высушен в меру, мягкий, без косточек. Лично я ем его просто так, любители употребляют с творогом и тому подобным.;Не заметил.;"images/271845594/41838011/0.png;images/271845594/41838011/1.png"
271845594;41853696;2021-04-13 19:02:05;ольга к.;5;покупкой довольна,рекомендую.;вкусный,крупный.;попадаются плодоножки и косточки;"images/271845594/41853696/0.png;images/271845594/41853696/1.png;images/271845594/41853696/2.png;images/271845594/41853696/3.png;images/271845594/41853696/4.png;images/271845594/41853696/5.png"
271845594;44781918;2021-04-29 11:26:32;ЛЫЧЕВ Андрей;5;Изюм отличный. Взял для выпечки.;;;
271845594;46091714;2021-05-11 17:16:16;Елена И.;5;был бы дешевле взяла бы больше чем 2 пачки.;чистый,вкусный.;мало.;
271845594;46439701;2021-05-08 19:38:43;Татьяна Л.;5;Чистый, крупный изюм. ;Вкусный изюм;Не обнаружила;
271845594;47747214;2021-05-15 19:25:17;Ольга П.;4;не очень понравился;;в масле;
271845594;48750066;2021-05-23 16:51:17;Татьяна П.;5;;"
крупный,чистый";нет;images/271845594/48750066/0.png
271845594;48788101;2021-05-21 07:39:39;Панова Кристина;5;;крупный, сладкий;нет;
271845594;51341702;2021-06-03 11:02:46;Андрей Г.;5;;Хорошее качество ;;
271845594;54782268;2021-07-02 19:55:36;Галина Т.;5;вкусно.без косточек это главное;быстро;нет;images/271845594/54782268/0.png
271845594;55012741;2021-06-23 12:53:11;Галина М.;5;;Чистый, крупный ;Нет;
271845594;57769122;2021-07-08 16:28:07;Пользователь предпочёл скрыть свои данные;1;;нет;очень плохой изюм, вкус жженый;
271845594;58241054;2021-07-09 07:21:55;Антипенкова Рая Александровна;5;;цена-качество;;
271845594;59757658;2021-07-16 16:53:32;Пользователь предпочёл скрыть свои данные;4;"В целом изюм неплохой, в выпечке крупный и сладкий. Для тех кто против обработки- он точно обработан, при промывании маслянистость на руках.
На фото для сравнения изюм малояр (светлый).";Сладкий. ;Точно маслом обработан. Встречается разнокалиберный.;"images/271845594/59757658/0.png;images/271845594/59757658/1.png;images/271845594/59757658/2.png;images/271845594/59757658/3.png"
271845594;61958495;2021-07-25 13:14:55;Линчевская Мария;5;;крупный, свежий и очень ароматный;не нашла;
271845594;64907778;2021-08-06 13:42:34;Локтина С.;5;Буду ещё заказывать. ;Сладкий, свежий, вкусный, крупный изюм. Чистый, без мусора. Покупала по скидке. ;Изюм скушали, фотографировать нечего, нареканий нет. ;
271845594;64950923;2021-08-06 16:57:44;Калинова Оксана;5;Советую к покупке, изюм отличного качества;Хороший, чистый, вкусный;Нет;"images/271845594/64950923/0.png;images/271845594/64950923/1.png"
271845594;65209465;2021-08-08 03:32:23;СЕРГЕЙ К.;4;Изготовлен в июне, цвет коричневый.Рекомендую.;Довольно крупный, мясистый, чистый, не сухой, сладкий, но не приторный вкус. Быстро доставлен.;Обработан маслом, требует тщательного мытья в теплой воде. Упаковка без зип-замка.;"images/271845594/65209465/0.png;images/271845594/65209465/1.png;images/271845594/65209465/2.png"
271845594;65591057;2021-08-09 14:14:51;валерия;5;;Очень вкусный изюм, дети постоянно просят;;
271845594;66239347;2021-08-12 13:33:08;Пользователь предпочёл скрыть свои данные;5;;Вкусный, влажный;;
271845594;66430178;2021-08-12 15:43:52;Сапожников Виталий Алексеевич;5;рекомендую. супер;большой и вкусный;не для всех блюд;
271845594;67064597;2021-08-15 13:05:45;Владимир Щ.;5;Теперь не трачу время в поездках по магазинам. ;Очень качественный продукт! Подходит для многих блюд!;;
271845594;67649212;2021-08-17 16:08:03; Наталья М.;5;Сладкий вкусный изюм, добавляла в кашу, в творожную запеканку, придаёт блюду дополнительный вкус и аромат.;Чистый, крупный, ароматный изюм.;Нет;
271845594;68124984;2021-08-19 12:46:59;Екатерина П.;5;;Очень вкусный сладкий крупный изюм. Очень нравится. Заказываю не первый раз. Приходит быстро. ;;"images/271845594/68124984/0.png;images/271845594/68124984/1.png"
271845594;69804771;2021-08-26 02:59:05;Василий П.;5;буду брать еще;вкусный изюм,все понравилось.;их нет;images/271845594/69804771/0.png
271845594;73878159;2021-09-10 07:38:36;Сергей Х.;5;За эту цену, хороший крупный изюм, сладкий, рекомендую 👍;Вкусный;Нет;"images/271845594/73878159/0.png;images/271845594/73878159/1.png;images/271845594/73878159/2.png"
271845594;73941106;2021-09-10 10:51:44;Елизавета;5;Покупкой довольна, буду покупать ещё. Рекомендую. ;Изюм крупный, чистый без веточек и костей.;;
271845594;78851737;2021-09-25 20:02:52;Авенир К.;5;Главное -что песка и пыли на зубах не ощущается;вкусный и очень крупный 2х3 см;Навален в кулёк слипшимися комками-но не критично.;
271845594;80092318;2021-09-29 12:51:58;Алена А.;5;;изюм отличный,вкусный,крупный.;;images/271845594/80092318/0.png
271845594;80522218;2021-09-30 14:16:39;Васильева Светлана Георгиевна;5;;Классный,чистый,крупный;;
271845594;80874316;2021-10-01 16:01:06;Зинаида К.;5;;чистый,вмеру просушен,сладкий.;нет;
271845594;84087688;2021-10-11 08:20:50;лариса л.;5;очень вкусный , крупный , заказываю не первый раз , всем рекомендую .;👍;нет;
271845594;84177574;2021-10-11 11:42:47;татьяна ш.;5;;Крупный, чистый, не приторно сладкий.;Нет.;
271845594;84177888;2021-10-11 11:43:27;татьяна ш.;5;;Крупный, чистый, не очень сладкий.;Нет;
271845594;86926227;2021-10-19 12:14:54;Пользователь предпочёл скрыть свои данные;5;Буду ещё заказывать такие;Вкусные крупные ягоды;Нет;
271845594;87180989;2021-10-20 07:40:42;Белова Елена;5;;вкусный, сладкий и крупный изюм;;
271845594;101487078;2021-11-19 10:46:12;Надежда Я.;5;;Чистый,вкусный;;
271845594;102269044;2021-11-20 18:20:31;Пользователь предпочёл скрыть свои данные;5;;вкусный, чистый ;нет;
271845594;103317740;2022-01-14 20:38:37;Ольга П.;3;;;"Слишком крупный и не вкусный
";
271845594;112282740;2021-12-07 19:05:55;Олег С.;5;В принципе очень неплохой изюм, на упаковке не указана страна произрастания, так что вполне возможно, что и средняя Азия и Китай.;Изюм;Что из Чили под вопросом;
271845594;117812602;2021-12-16 17:07:27;кутузова олеся;5;рекомендую;очень крупный, самый любимый поставщик сухофруктов, цена супер;нет;
271845594;119247745;2021-12-19 09:46:34;Ольга Р.;5;;Крупный, сладкий, недорогой ;;
271845594;119801294;2022-01-31 17:23:33;Пользователь предпочёл скрыть свои данные;3;брал для настойки, обработал кипятком дважды по 5 мин.... в настойке аромат не проявился, привкус масла остался... продукция испорчена... перегон;крупный, сладкий;обработан маслом;
271845594;120032507;2021-12-29 20:09:36;Бурцева В.;3;;;невкусный, много гнилых ягодок. ;
271845594;120537458;2021-12-21 10:29:09;елена к.;5;очень вкусный и качественный изюм;очень вкусный и качественный изюм;нет;
271845594;123515418;2021-12-26 08:22:44;Елена С.;5;;Крупный, вкусный;;
271845594;123799708;2021-12-26 15:36:12;Пользователь предпочёл скрыть свои данные;5;Не такой сладкий как мне нравится , присутствует кислинка. ;Свежий. Чистый. Крупный изюм. ;нет;
271845594;127676252;2022-01-02 22:58:55;Пользователь предпочёл скрыть свои данные;5;;Крупный, сочный!;;
271845594;135383167;2022-01-17 15:06:45;NATALIA B.;5;рекомендую, буду ещё заказать;чистый, мягкий, крупный;нет;
271845594;135834773;2022-01-18 12:06:44;Татьяна Ч.;5;;Очень вкусно ;Нет;
271845594;140242829;2022-01-26 10:20:27;Иван З.;5;;вкусный, свежий;быстро заканчивается;
271845594;142084096;2022-01-29 15:34:50;Дмитриев Олег;5;Но так как изюм большой, как 3 обычные, то высматривать и очищать их не долго )) Но се равно жаль, что есть мусор. Для выпечки приходится стараться и чистить.;Очень ароматный изюм.;Попадаются недоочищенные изюминки и из-за них каждую приходится проверять. Кончики веточек не оборваны. По 1-2 мм остались на виноградинках. При замачивании в горячей воде появляется жирная пленка. Рекомендую замачивать, хоть они и мягкие и это как бы не требуется. Просто, чтобы смыть жирность эту странную ));
271845594;144989243;2022-02-03 17:34:15;Юлия Т.;5;;Крупный ;;
271845594;147022002;2022-02-07 14:30:31;Юлия П.;5;очень люблю изюм, лакомлюсь сухофруктами вместо конфет. Специально искала крупные ягоды. ;крупный, чистый, вкусный;;images/271845594/147022002/0.png
271845594;148120965;2022-02-09 11:44:26;Людмила П.;5;Обязательно буду ещё в будущем заказывать. Советую.;Очень понравился изюм. Крупный, вкусный, очень ароматный, все ягодки целые. Классный. ;Нет;
271845594;150616863;2022-02-13 15:46:14;Пользователь предпочёл скрыть свои данные;5;Мой самый любимый изюм . Всегда крупный , сладкий , непересушеный, ягодка к ягодке .;Упаковка целая , сроки в норме .;;
271845594;151545530;2022-02-15 04:58:51;Елена Р.;5;;;;images/271845594/151545530/0.png
271845594;154616603;2022-02-19 14:01:29;Ольга Ш.;5;;;;
271845594;158710954;2022-02-26 12:39:14;Марина Б.;5;;;;
271845594;159157707;2022-02-27 10:19:26;Татьяна К.;5;"Изюм отборный, крупный и сладкий. Хорош для еды и выпечки. Фирма ""Дары природы"" гарантирует хорошее качество. Покупаю этой же фирмы курагу, чернослив. Очень довольна. Спасибо производителям!";;;
271845594;160714080;2022-03-01 19:12:23;Наталья В.;5;;Очень вкусный изюм, чистый. Крупный. Без косточек.;Нет;
271845594;161913879;2022-03-04 04:28:55;Ольга Г.;5;спасибо;качественный, вкусный;нет;
271845594;163596393;2022-03-07 05:45:41;Юлия С.;5;;;;
271845594;163671365;2022-03-07 08:04:22;KRISTINA G.;4;;;;
271845594;164739334;2022-03-09 07:10:46;Оксана К.;5;Изюм оооочень крупный, не сырой, но и не пересушен. Свежий. Очень приятный аромат из пакета.;Крупный;Нет;"images/271845594/164739334/0.png;images/271845594/164739334/1.png;images/271845594/164739334/2.png"
271845594;167101607;2022-03-13 11:54:50;Александр Л.;5;;;;
271845594;168813471;2022-03-16 07:01:27;Василь Г.;5;;;;
271845594;169965182;2022-03-17 19:23:25;Пользователь предпочёл скрыть свои данные;5;;;;
271845594;170511462;2022-03-18 21:51:49;Зарият Т.;5;Спасибо!!!;Вкусный очень ;Дороговато ;
271845594;170655719;2022-03-19 10:02:49;Пользователь предпочёл скрыть свои данные;5;;;;
271845594;172304510;2022-03-22 11:58:05;Валерий К.;5;;;;
271845594;172408725;2022-03-22 14:22:15;прислали не тот набор,одна баночка отличается. очень неприятно потому что заказывала в подарок;5;;;;
271845594;174734537;2022-03-26 19:54:36;Елена Ф.;5;;;;
271845594;175310324;2022-03-28 05:03:27;Паю Елена Викторовна;5;Очень вкусный... Крупный... Как десерт или к чаю👍;;;
271845594;176673300;2022-03-30 09:14:04;Наталья Н.;5;;;;
271845594;180863294;2022-04-01 12:48:02;Анастасия В.;5;Практически пол килограмма отборного крупного чёрного изюма. Обязательно нужно хорошо промывать, вымачивать и высушивать перед употреблением.;Быстрая доставка, хорошо упаковано;Консервант в составе;"images/271845594/180863294/0.png;images/271845594/180863294/1.png"
271845594;181169746;2022-04-02 09:27:35;Евгения В.;5;;;;
271845594;181298841;2022-04-02 14:54:16;Светлана Ж.;5;вкусный,чистый,крупный;;;
271845594;181434117;2022-04-03 00:18:01;Сергей С.;5;Изюм отличный, беру не первый раз. ;;;
271845594;181490274;2022-04-03 07:21:08;Елена П.;5;;;;
271845594;182571169;2022-04-05 10:12:40;Крылова Наталья Дмитриевна;5;;;нет;
271845594;182887662;2022-04-06 03:10:58;Камышов Дмитрий Гаврилович;5;хороший сладкий вкусный свежий изюм;отлично ;нет ;
271845594;184033719;2022-04-08 07:25:33;Ольга П.;5;;;;
271845594;184262067;2022-04-08 14:10:45;Елизавета Б.;5;;;;
271845594;184263992;2022-04-08 14:14:26;Богатырев Алим;5;;;;
271845594;184929842;2022-04-10 07:29:51;Михаил Я.;5;;;;
271845594;185043066;2022-04-10 10:51:13;Алексей Р.;2;;;плотный, твердый;
271845594;185220688;2022-04-10 17:06:24;Альфред П.;5;;;;
271845594;185236867;2022-04-10 17:40:24;Лусине М.;5;;;;
271845594;185695899;2022-04-11 13:18:23;Николай К.;5;Изюм свежий. Очень сладкий, любим добавлять в овсяную кашу, а так же делаем с ним овсяное печенье🍪. Ещё хорошо с чаем вместо конфет, намного полезнее. Очень любим этот изюм. ;Крупный, сладкий. ;Нет;
271845594;187188515;2022-04-14 13:41:39;анатолий р.;5;;;;
271845594;188779672;2022-04-18 11:49:46;Евгений М.;5;;;;
271845594;188834113;2022-04-18 13:32:34;Ольга С.;5;;;;
271845594;189958436;2022-04-20 20:27:27;Курашов Сергей;5;;;;
271845594;190235955;2022-04-21 12:59:47;Павел;3;Больше не закажу;Цена;"Использованы какие-то масла, видимо для консервации. На фото- замоченный и промытый уже в 10 водах изюм. Пленка ещё есть….
";images/271845594/190235955/0.png
271845594;190296961;2022-04-21 15:18:43;Болдырев Е.;4;;;;
271845594;191128749;2022-04-23 17:44:24;Анастасия И.;5;;;;
271845594;191290294;2022-04-24 09:09:47;Сергей К.;4;хороший товар;сладкий, крупный;упаковка 450 а не 500гр;
271845594;191925453;2022-04-25 14:54:31;Виктория И.;5;;;;
274866121;29339680;2021-01-14 08:01:21;Yeghishe H.;5;Подарил сестре она счастлива ;;;
274866121;32699824;2021-02-11 21:21:36;Алексей П.;5;;Красивый чехол, жене понравился, блестит-переливается, упаковка SWAROVSKI.;;images/274866121/32699824/0.png
274866121;32731407;2021-02-12 07:13:55;Таисия Л.;5;Очень красивый чехол, покупкой довольна 👍;;Нет;
274866121;33415697;2021-02-16 22:07:12;Георгий Р.;5;подарил любимой на 14 февраля. она осталась довольной (узнал об этом из ее поста :) );красив не менее, чем на фото;пока не обнаружились;
274866121;36447398;2021-03-09 05:40:02;Мария И.;5;Все стразы на месте, не царапается. Смотришься шикарно! ;Красивый,яркий. ;Нет ;images/274866121/36447398/0.png
274866121;36946836;2021-03-12 09:30:30;Оксана;5;;;;
274866121;37127088;2021-03-13 13:38:02;Светлана Б.;5;;;;
274866121;38552202;2021-03-22 21:04:38;Наталья Н.;5;;;;
274866121;39438115;2021-03-29 04:45:10;Юлия Ф.;5;Сегодня получила свою красоту и я очень довольна, чехол очень красивый 😍;Очень хорошее качество, не отличить от оригинала.;Нет;images/274866121/39438115/0.png
274866121;42701652;2021-04-19 17:24:40;Елизавета К.;5;Чехол понравился , спасибо продавцу ;;;images/274866121/42701652/0.png
274866121;43408086;2021-04-23 13:25:48;Оксана;5;;;;
274866121;55428095;2021-07-04 15:09:16;Анна Л.;5;;Классный чехол, с логотипом. Упакован отлично. Давно искала такой и нашла. Мне все очень понравилось ;Нет ;images/274866121/55428095/0.png
274866121;56629409;2021-07-01 14:57:02;Олеся Р.;5;Отличный  чехол за такие деньги!;Качество ;Нет!;
274866121;62654709;2021-07-31 19:37:53;Анастасия Ю.;5;Прекрасный чехол, выглядит достойно, приятный на ощупь, стразы не торчат. Плотно прилегает к телефону. Упакован в коробку. Рекомендую к покупки.;;;"images/274866121/62654709/0.png;images/274866121/62654709/1.png;images/274866121/62654709/2.png"
274866121;75061245;2021-09-14 10:00:58;Пользователь предпочёл скрыть свои данные;5;;Все как на фотографии сайта! Безумно красивые стразы ! И цвет благородный ;Достаточно тяжёлый чехол;"images/274866121/75061245/0.png;images/274866121/75061245/1.png;images/274866121/75061245/2.png"
274866121;80243728;2021-09-29 17:53:30;Пользователь предпочёл скрыть свои данные;2;;Выглядит как оригинал ;Начали отваливаться кристаллики ;
274866121;81048914;2021-10-02 13:02:33;Дмитрий Б.;5;Покупал жене в подарок, она очень довольна.;Очень красивый, качественная упаковка;Нет;"images/274866121/81048914/0.png;images/274866121/81048914/1.png;images/274866121/81048914/2.png"
274866121;83258213;2021-10-08 20:01:44;Евгения Ш.;5;"Чехол на айфон 11 Swarovski реплика 
Качество хорошее, подходит и удобно надевается, кристаллы не выпадают
Молодцы)";Идеально подходит для айфона 11;Нет;"images/274866121/83258213/0.png;images/274866121/83258213/1.png;images/274866121/83258213/2.png"
274866121;92198087;2021-11-19 20:49:52;Катя П.;5;Рекомендую к покупке. Очень классный чехол. Упакован в презентабельную коробочку. Отличный подарок между прочим.;Качественно сделан, очень красивый. Все камушки на месте. Я очень довольна. На айфон 11 сел идеально.;Нет, одни плюсы;"images/274866121/92198087/0.png;images/274866121/92198087/1.png;images/274866121/92198087/2.png"
274866121;108181113;2021-11-30 13:36:02;Lyuba S.;5;;;;
274866121;123556161;2021-12-26 09:22:08;Сергей П.;5;;;;
274866121;125246330;2021-12-28 17:15:14;Вероника Н.;5;;Красивый, стразики красиво переодеваются на свету.;Нет;
274866121;126299516;2021-12-30 15:07:54;Павел З.;5;;;;
274866121;129172709;2022-02-04 19:14:00;Елена Ильина;5;Очень красивый! Получаю эстетическое удовольствие! Надеюсь на длительный срок его службы. ;Мерцает и переливается ;Не выявлено ;"images/274866121/129172709/0.png;images/274866121/129172709/1.png;images/274866121/129172709/2.png;images/274866121/129172709/3.png;images/274866121/129172709/4.png"
274866121;143384247;2022-02-10 19:14:14;Елена Н.;5;Очень понравился. ;Супер чехол. Рекомендую!!;Нет;images/274866121/143384247/0.png
274866121;143932808;2022-02-01 19:11:47;Михеева К.;5;;;;
274866121;148889732;2022-02-10 15:59:05;Надежда Ш.;5;;;;
274866121;150215122;2022-02-12 21:31:20;Григорий А.;5;;Качество чехла очень хорошее, не зря заказал, очень доволен;Нет;
274866121;151290164;2022-02-14 14:58:37;Евгений К.;5;;;;
274866121;191625493;2022-04-25 06:33:27;Сергей Н.;5;;;;
389867013;121217581;2021-12-22 11:00:35;Пользователь предпочёл скрыть свои данные;4;Содержание обширное, детальнее ознакомиться не удалось;;Мягкая обложка;
389867013;127248987;2022-01-02 08:03:59;Алексей З.;5;;;;
389867013;157947965;2022-02-25 05:45:44;Степан З.;5;;;;
389867013;161792363;2022-03-03 18:19:47;Куруз Сергей;5;;;;"images/389867013/161792363/0.png;images/389867013/161792363/1.png;images/389867013/161792363/2.png"
389867013;163137315;2022-03-06 07:56:19;Анастасия Ж.;5;;;;
389867013;163721118;2022-03-07 09:10:00;Пользователь предпочёл скрыть свои данные;3;;;громкий заголовок, а по факту просто вводные по технологиям;"images/389867013/163721118/0.png;images/389867013/163721118/1.png;images/389867013/163721118/2.png"
389867013;172574585;2022-03-22 19:04:18;Гулия Г.;5;Книга легко читается. Только купила. Думаю пригодиться;Книга очень интересная ;Цена конечно недешевая;"images/389867013/172574585/0.png;images/389867013/172574585/1.png;images/389867013/172574585/2.png"
389867013;176620042;2022-03-30 08:17:40;Пользователь предпочёл скрыть свои данные;5;Советую к приобретению.;Хорошая книга, качество бумаги, актуальная тематика.;Побольше практики.;
389867013;182875523;2022-04-05 22:45:14;КАРИНА М.;4;Пришла в мятой коробке и с оторванным уголком. Это должен был быть подарок, но не получилось ;Книга мужу понравилась ;Пришла с оторванным уголком ;
389867013;186624912;2022-04-13 10:34:20;Михаил Т.;5;;;;
503752369;159284540;2022-02-27 13:41:09;Лариса М.;5;;Отличный коврик! После распаковки был небольшой запах резины, но сразу выветрился (у меня был подобный китайский, запах стоял на весь дом, пришлось вынести на улицу). Цвет красивый, отливает золотом. Сделано качественно.;;"images/503752369/159284540/0.png;images/503752369/159284540/1.png"
503752369;159904049;2022-02-28 13:12:52;Ольга К.;5;Цвет гораздо лучше чем на фото и на сайте, при разном освещении по-разному смотрится, переливается. К полу «прилип», не скользит, ворс приятный. Сразу проветрили после дождя - впитывает воду хорошо, высох быстро. Купила с большой скидкой за 279 руб., считаю цена-качество вообще огонь, смотрится дороже;Красивый, качественный, недорогой;Пока не заметила;"images/503752369/159904049/0.png;images/503752369/159904049/1.png;images/503752369/159904049/2.png"
503752369;160070477;2022-02-28 17:46:25;Римма Д.;5;;Отличный коврик, по хорошей цене. Запаха действительно нет.;Нет;images/503752369/160070477/0.png
503752369;160110139;2022-02-28 19:02:25;Эльмира Ж.;5;"Давно искала такой коврик,не скользит,
Не пропускает грязь и воду,легко пылесосить и стирать.
Впишется в любой интерьер , брала цвет графит .
В реальности точно как на фото.
Запаха нет,изготовлен на территории России";Качество,легко мыть ,не промокает ,не скользит ;Не обнаружила ;"images/503752369/160110139/0.png;images/503752369/160110139/1.png;images/503752369/160110139/2.png;images/503752369/160110139/3.png"
503752369;160438069;2022-03-07 16:02:04;Татьяна М.;5;рекомендую;цена и качество, очень симпатичный, хорошо сделан;пока не обнаружила;"images/503752369/160438069/0.png;images/503752369/160438069/1.png"
503752369;168491376;2022-03-15 14:45:27;Пользователь предпочёл скрыть свои данные;5;небольшой мягкий ворс,к покупке рекомендую!;неплохой коврик;небольшой запах;
503752369;168634532;2022-03-15 18:59:43;Ольга С.;5;;;;
503752369;168816913;2022-03-16 07:06:18;Светлана Л.;5;;;;
503752369;169582634;2022-03-17 09:14:08;Екатерина Ш.;5;рекомендую;хороший, качественный, легко мыть, выполняет свои функции ;нет;
503752369;171905104;2022-03-21 19:13:15;Вардан М.;5;;;;
503752369;172537678;2022-03-22 18:00:15;мина а.;5;;;;
503752369;172865327;2022-03-23 10:39:42;Нелли И.;5;;;;
503752369;173043875;2022-03-23 15:16:46;Марина З.;5;Очень симпотичный,но тонковат.В целом рекомендую.;;;
503752369;173101986;2022-03-23 17:13:25;Виктор С.;5;;;;
503752369;173314219;2022-03-24 07:30:28;Алексей В.;5;;Хороший придверный коврик;Недостатков нет;
503752369;174580941;2022-03-26 13:48:50;Жанна С.;5;;;;
503752369;175652981;2022-03-28 12:55:35;Ольга К.;5;Смотрится достойно;Цена;Нет;images/503752369/175652981/0.png
503752369;176523867;2022-03-30 05:16:51;Елена Ш.;5;Отличный коврик ;;;
503752369;176801797;2022-03-30 12:41:27;Яна Ф.;5;;;;
503752369;180100252;2022-03-30 21:20:46;Ольга П.;5;Понравился;;;
503752369;180217842;2022-03-31 07:59:36;Ольга К.;5;довольна;отличное качество зв такие небольшие деньги;нет;
503752369;180853661;2022-04-01 12:28:06;Ольга П.;5;;;;
503752369;180906644;2022-04-01 14:17:22;Valeriy;5;;;;
503752369;181550752;2022-04-03 09:05:09;Умижат И.;5;;;;
503752369;181586456;2022-04-03 10:21:05;Татьяна С.;5;;;;
503752369;182282923;2022-04-04 17:00:01;Алексей В.;5;;;;
503752369;182321411;2022-04-04 18:28:36;Назира С.;5;Замечательный коврик, как раз подошёл под интерьер.;;;
503752369;182480253;2022-04-05 07:58:44;Татьяна Б.;5;;;;
503752369;183264384;2022-04-06 16:20:50;Любовь К.;5;Спасибо за быструю доставку .Очень понравился придверный коврик.;маленький,по размеру,что хотела.;нет;
503752369;184729266;2022-04-09 15:38:57;Юлия О.;5;;Хороший не дорогой;;
503752369;185054018;2022-04-10 11:12:45;Ольга К.;5;;;;
503752369;185062313;2022-04-10 11:29:45;Татьяна В.;5;;;;
503752369;185076874;2022-04-10 12:00:01;Наталья А.;5;;;;
503752369;185206727;2022-04-10 16:35:35;Алексец Ф.;5;;;;
503752369;185699346;2022-04-11 13:23:50;Ирина П.;5;;;;
503752369;185811908;2022-04-11 17:17:53;елизавета м.;5;;;;
503752369;185899238;2022-04-11 21:04:59;Наталья Л.;4;;;;
503752369;186081035;2022-04-12 09:39:39;Юлия Л.;5;"маленький,симпатичный коврик для небольшой прихожей.Качество хорошее.


";;;
503752369;186100948;2022-04-12 10:17:09;Екатерина Г.;5;;;;
503752369;186242824;2022-04-12 14:45:12;Елена К.;5;хороший коврик;;;
503752369;186415008;2022-04-13 01:07:29;Александр;5;;;;
503752369;186737735;2022-04-13 14:18:39; Ольга;5;;;;
503752369;186793830;2022-04-13 16:33:15;Рахимова Зарина;5;брала коричневый, отлично вписался в интерьер и грязь не видно;симпатичный, мягкий, не ёрзает по плиткe;не замечены;
503752369;187488282;2022-04-15 09:15:19;Светлана М.;5;;;;
503752369;187787856;2022-04-16 05:23:26;Татьяна Г.;5;;;;
503752369;187990226;2022-04-16 14:42:53;Андрей;5;Заказал не глядя на размер. Оказался маловат по сравнению с размерами двери. Ну ничего, грязь задерживает, пока попользуюсь этим...;Качественный ;Маленький ;
503752369;188133175;2022-04-17 03:49:40;Анна П.;5;Хороший ;Фактура;;
503752369;188576687;2022-04-18 06:16:41;Александра Т.;5;Дизайн понравился,далее проверим.;;;
503752369;190103935;2022-04-21 08:39:21;Евгения З.;5;;понравился;;
503752369;190357919;2022-04-21 17:57:30;Александр С.;5;;;;
503752369;191851576;2022-04-25 12:36:08;Елена П.;5;;хороший, качественный;;
503752369;192039934;2022-04-25 19:11:28;Татьяна М.;5;;;;
